caretaker_id,source_id,name,institution
1,2e3f82da-01c1-4a2f-9008-72334c298c38,Darius,Alin
2,ebd65a13-c755-49e0-8a7d-70827d15576b,Angela,Alin
3,be18d451-10d9-4931-b02d-720ecfb6237c,Brittany,Bla
4,0e2dd383-bf06-4b55-8529-2338440f94cc,Amanda,Issi
5,5ffe5118-87f1-4861-8ca1-fbc131f83180,Joshua,Bla
6,9a36c5de-470a-473a-b165-994c15fdda20,Laura,Issi
7,a21bf96f-e4f4-418b-a479-a800a7ace9d3,Kimberly,Alin
8,f04084f4-fbb8-4053-8c7e-f17b91fb87b3,Deanna,Alin
9,906e420e-dfca-48e3-af21-da37a5a7adf2,Sarah,Alin
10,696234d4-8266-4ba4-9bf2-4de9c3ee5962,Alexandra,Bla
